brand,car_count,url
AC Schnitzer,2,https://car.autohome.com.cn//price/brand-117.html
ALPINA,1,https://car.autohome.com.cn//price/brand-276.html
AUXUN傲旋,2,https://car.autohome.com.cn//price/brand-378.html
阿尔法・罗密欧,32,https://car.autohome.com.cn//price/brand-34.html
阿斯顿・马丁,81,https://car.autohome.com.cn//price/brand-35.html
爱驰,4,https://car.autohome.com.cn//price/brand-327.html
奥迪,1007,https://car.autohome.com.cn//price/brand-33.html
巴博斯,16,https://car.autohome.com.cn//price/brand-140.html
宝骏,266,https://car.autohome.com.cn//price/brand-120.html
宝马,1121,https://car.autohome.com.cn//price/brand-15.html
宝骐汽车,1,https://car.autohome.com.cn//price/brand-351.html
宝沃,75,https://car.autohome.com.cn//price/brand-231.html
保时捷,264,https://car.autohome.com.cn//price/brand-40.html
北京,75,https://car.autohome.com.cn//price/brand-27.html
北京汽车,157,https://car.autohome.com.cn//price/brand-173.html
北京清行,2,https://car.autohome.com.cn//price/brand-333.html
北汽昌河,167,https://car.autohome.com.cn//price/brand-79.html
北汽道达,3,https://car.autohome.com.cn//price/brand-301.html
北汽幻速,99,https://car.autohome.com.cn//price/brand-203.html
北汽威旺,135,https://car.autohome.com.cn//price/brand-143.html
北汽新能源,61,https://car.autohome.com.cn//price/brand-208.html
北汽制造,137,https://car.autohome.com.cn//price/brand-154.html
奔驰,1149,https://car.autohome.com.cn//price/brand-36.html
奔腾,268,https://car.autohome.com.cn//price/brand-95.html
本田,639,https://car.autohome.com.cn//price/brand-14.html
比德文汽车,3,https://car.autohome.com.cn//price/brand-387.html
比速汽车,20,https://car.autohome.com.cn//price/brand-271.html
比亚迪,667,https://car.autohome.com.cn//price/brand-75.html
标致,473,https://car.autohome.com.cn//price/brand-13.html
别克,556,https://car.autohome.com.cn//price/brand-38.html
宾利,87,https://car.autohome.com.cn//price/brand-39.html
铂驰,6,https://car.autohome.com.cn//price/brand-392.html
博郡汽车,2,https://car.autohome.com.cn//price/brand-362.html
布加迪,3,https://car.autohome.com.cn//price/brand-37.html
长安,688,https://car.autohome.com.cn//price/brand-76.html
长安跨越,181,https://car.autohome.com.cn//price/brand-299.html
长安欧尚,232,https://car.autohome.com.cn//price/brand-163.html
长安轻型车,549,https://car.autohome.com.cn//price/brand-294.html
长城,434,https://car.autohome.com.cn//price/brand-77.html
车驰汽车,5,https://car.autohome.com.cn//price/brand-366.html
成功汽车,40,https://car.autohome.com.cn//price/brand-196.html
DS,111,https://car.autohome.com.cn//price/brand-169.html
大乘汽车,21,https://car.autohome.com.cn//price/brand-341.html
大发,13,https://car.autohome.com.cn//price/brand-92.html
大运,1,https://car.autohome.com.cn//price/brand-405.html
大众,1928,https://car.autohome.com.cn//price/brand-1.html
道奇,25,https://car.autohome.com.cn//price/brand-41.html
电咖,6,https://car.autohome.com.cn//price/brand-280.html
东风,391,https://car.autohome.com.cn//price/brand-32.html
东风・瑞泰特,2,https://car.autohome.com.cn//price/brand-326.html
东风风度,21,https://car.autohome.com.cn//price/brand-187.html
东风风光,173,https://car.autohome.com.cn//price/brand-259.html
东风风神,220,https://car.autohome.com.cn//price/brand-113.html
东风风行,598,https://car.autohome.com.cn//price/brand-165.html
东风富康,5,https://car.autohome.com.cn//price/brand-406.html
东风小康,208,https://car.autohome.com.cn//price/brand-142.html
东南,297,https://car.autohome.com.cn//price/brand-81.html
法拉利,30,https://car.autohome.com.cn//price/brand-42.html
菲亚特,109,https://car.autohome.com.cn//price/brand-11.html
丰田,1027,https://car.autohome.com.cn//price/brand-3.html
福迪,98,https://car.autohome.com.cn//price/brand-141.html
福汽启腾,22,https://car.autohome.com.cn//price/brand-197.html
福特,850,https://car.autohome.com.cn//price/brand-8.html
福田,1126,https://car.autohome.com.cn//price/brand-96.html
GMC,108,https://car.autohome.com.cn//price/brand-112.html
观致,103,https://car.autohome.com.cn//price/brand-152.html
光冈,3,https://car.autohome.com.cn//price/brand-116.html
广汽传祺,294,https://car.autohome.com.cn//price/brand-82.html
广汽吉奥,162,https://car.autohome.com.cn//price/brand-108.html
广汽集团,15,https://car.autohome.com.cn//price/brand-329.html
广汽新能源,29,https://car.autohome.com.cn//price/brand-313.html
国机智骏,11,https://car.autohome.com.cn//price/brand-369.html
国金汽车,7,https://car.autohome.com.cn//price/brand-304.html
HYCAN合创,5,https://car.autohome.com.cn//price/brand-376.html
哈飞,75,https://car.autohome.com.cn//price/brand-24.html
哈弗,732,https://car.autohome.com.cn//price/brand-181.html
海格,59,https://car.autohome.com.cn//price/brand-150.html
海马,430,https://car.autohome.com.cn//price/brand-86.html
汉龙汽车,8,https://car.autohome.com.cn//price/brand-386.html
汉腾汽车,88,https://car.autohome.com.cn//price/brand-267.html
悍马,5,https://car.autohome.com.cn//price/brand-43.html
恒天,17,https://car.autohome.com.cn//price/brand-164.html
红旗,57,https://car.autohome.com.cn//price/brand-91.html
红星汽车,4,https://car.autohome.com.cn//price/brand-336.html
华凯,16,https://car.autohome.com.cn//price/brand-245.html
华普,41,https://car.autohome.com.cn//price/brand-85.html
华骐,1,https://car.autohome.com.cn//price/brand-184.html
华颂,6,https://car.autohome.com.cn//price/brand-220.html
华泰,145,https://car.autohome.com.cn//price/brand-87.html
华泰新能源,14,https://car.autohome.com.cn//price/brand-260.html
黄海,323,https://car.autohome.com.cn//price/brand-97.html
Icona,1,https://car.autohome.com.cn//price/brand-188.html
Jeep,365,https://car.autohome.com.cn//price/brand-46.html
吉利汽车,890,https://car.autohome.com.cn//price/brand-25.html
几何汽车,6,https://car.autohome.com.cn//price/brand-373.html
江淮,929,https://car.autohome.com.cn//price/brand-84.html
江铃,195,https://car.autohome.com.cn//price/brand-119.html
江铃集团新能源,32,https://car.autohome.com.cn//price/brand-270.html
捷豹,232,https://car.autohome.com.cn//price/brand-44.html
捷达,13,https://car.autohome.com.cn//price/brand-358.html
捷尼赛思,12,https://car.autohome.com.cn//price/brand-371.html
捷途,186,https://car.autohome.com.cn//price/brand-319.html
金杯,636,https://car.autohome.com.cn//price/brand-83.html
金龙,130,https://car.autohome.com.cn//price/brand-145.html
金旅,63,https://car.autohome.com.cn//price/brand-175.html
九龙,55,https://car.autohome.com.cn//price/brand-151.html
君马汽车,43,https://car.autohome.com.cn//price/brand-297.html
钧天,2,https://car.autohome.com.cn//price/brand-356.html
Karma,2,https://car.autohome.com.cn//price/brand-353.html
KTM,2,https://car.autohome.com.cn//price/brand-109.html
卡尔森,7,https://car.autohome.com.cn//price/brand-156.html
卡升,12,https://car.autohome.com.cn//price/brand-224.html
卡威,66,https://car.autohome.com.cn//price/brand-199.html
开瑞,288,https://car.autohome.com.cn//price/brand-101.html
开沃汽车,42,https://car.autohome.com.cn//price/brand-213.html
凯迪拉克,231,https://car.autohome.com.cn//price/brand-47.html
凯翼,77,https://car.autohome.com.cn//price/brand-214.html
科尼赛克,4,https://car.autohome.com.cn//price/brand-100.html
克莱斯勒,33,https://car.autohome.com.cn//price/brand-9.html
LITE,7,https://car.autohome.com.cn//price/brand-335.html
LOCAL MOTORS,1,https://car.autohome.com.cn//price/brand-241.html
Lorinser,22,https://car.autohome.com.cn//price/brand-118.html
兰博基尼,37,https://car.autohome.com.cn//price/brand-48.html
劳斯莱斯,36,https://car.autohome.com.cn//price/brand-54.html
雷丁,5,https://car.autohome.com.cn//price/brand-215.html
雷克萨斯,386,https://car.autohome.com.cn//price/brand-52.html
雷诺,197,https://car.autohome.com.cn//price/brand-10.html
理念,19,https://car.autohome.com.cn//price/brand-124.html
理想汽车,2,https://car.autohome.com.cn//price/brand-345.html
力帆汽车,238,https://car.autohome.com.cn//price/brand-80.html
莲花汽车,64,https://car.autohome.com.cn//price/brand-89.html
猎豹汽车,188,https://car.autohome.com.cn//price/brand-78.html
林肯,131,https://car.autohome.com.cn//price/brand-51.html
铃木,454,https://car.autohome.com.cn//price/brand-53.html
零跑汽车,4,https://car.autohome.com.cn//price/brand-318.html
领克,69,https://car.autohome.com.cn//price/brand-279.html
领途汽车,6,https://car.autohome.com.cn//price/brand-343.html
陆地方舟,10,https://car.autohome.com.cn//price/brand-204.html
陆风,212,https://car.autohome.com.cn//price/brand-88.html
路虎,352,https://car.autohome.com.cn//price/brand-49.html
路特斯,16,https://car.autohome.com.cn//price/brand-50.html
罗夫哈特,3,https://car.autohome.com.cn//price/brand-346.html
MINI,242,https://car.autohome.com.cn//price/brand-56.html
马自达,380,https://car.autohome.com.cn//price/brand-58.html
玛莎拉蒂,78,https://car.autohome.com.cn//price/brand-57.html
迈巴赫,4,https://car.autohome.com.cn//price/brand-55.html
迈凯伦,24,https://car.autohome.com.cn//price/brand-129.html
迈迈,4,https://car.autohome.com.cn//price/brand-381.html
迈莎锐,5,https://car.autohome.com.cn//price/brand-374.html
名爵,282,https://car.autohome.com.cn//price/brand-20.html
摩根,12,https://car.autohome.com.cn//price/brand-168.html
NEVS国能汽车,1,https://car.autohome.com.cn//price/brand-295.html
哪吒汽车,21,https://car.autohome.com.cn//price/brand-309.html
纳智捷,136,https://car.autohome.com.cn//price/brand-130.html
讴歌,71,https://car.autohome.com.cn//price/brand-60.html
欧宝,48,https://car.autohome.com.cn//price/brand-59.html
欧拉,17,https://car.autohome.com.cn//price/brand-331.html
欧朗,10,https://car.autohome.com.cn//price/brand-146.html
Polestar极星,3,https://car.autohome.com.cn//price/brand-308.html
帕加尼,1,https://car.autohome.com.cn//price/brand-61.html
奇瑞,805,https://car.autohome.com.cn//price/brand-26.html
骐铃汽车,315,https://car.autohome.com.cn//price/brand-210.html
启辰,205,https://car.autohome.com.cn//price/brand-122.html
起亚,751,https://car.autohome.com.cn//price/brand-62.html
前途,1,https://car.autohome.com.cn//price/brand-235.html
乔治・巴顿,3,https://car.autohome.com.cn//price/brand-222.html
庆铃汽车,6,https://car.autohome.com.cn//price/brand-312.html
全球鹰,14,https://car.autohome.com.cn//price/brand-219.html
日产,742,https://car.autohome.com.cn//price/brand-63.html
荣威,350,https://car.autohome.com.cn//price/brand-19.html
容大智造,3,https://car.autohome.com.cn//price/brand-337.html
如虎,2,https://car.autohome.com.cn//price/brand-174.html
瑞驰新能源,12,https://car.autohome.com.cn//price/brand-296.html
瑞麒,50,https://car.autohome.com.cn//price/brand-103.html
SERES赛力斯,6,https://car.autohome.com.cn//price/brand-325.html
SHELBY,3,https://car.autohome.com.cn//price/brand-388.html
smart,113,https://car.autohome.com.cn//price/brand-45.html
SRM鑫源,47,https://car.autohome.com.cn//price/brand-306.html
SWM斯威汽车,102,https://car.autohome.com.cn//price/brand-269.html
萨博,15,https://car.autohome.com.cn//price/brand-64.html
赛麟,14,https://car.autohome.com.cn//price/brand-205.html
三菱,356,https://car.autohome.com.cn//price/brand-68.html
陕汽通家,26,https://car.autohome.com.cn//price/brand-149.html
上汽MAXUS,712,https://car.autohome.com.cn//price/brand-155.html
上喆,3,https://car.autohome.com.cn//price/brand-402.html
世爵,1,https://car.autohome.com.cn//price/brand-66.html
双环,82,https://car.autohome.com.cn//price/brand-90.html
双龙,149,https://car.autohome.com.cn//price/brand-69.html
思皓,2,https://car.autohome.com.cn//price/brand-330.html
思铭,7,https://car.autohome.com.cn//price/brand-162.html
斯巴鲁,287,https://car.autohome.com.cn//price/brand-65.html
斯达泰克,13,https://car.autohome.com.cn//price/brand-238.html
斯柯达,496,https://car.autohome.com.cn//price/brand-67.html
泰卡特,7,https://car.autohome.com.cn//price/brand-202.html
特斯拉,52,https://car.autohome.com.cn//price/brand-133.html
腾势,15,https://car.autohome.com.cn//price/brand-161.html
天际汽车,1,https://car.autohome.com.cn//price/brand-339.html
WEY,55,https://car.autohome.com.cn//price/brand-283.html
威麟,36,https://car.autohome.com.cn//price/brand-102.html
威马汽车,20,https://car.autohome.com.cn//price/brand-291.html
威兹曼,7,https://car.autohome.com.cn//price/brand-99.html
潍柴汽车,18,https://car.autohome.com.cn//price/brand-393.html
潍柴英致,44,https://car.autohome.com.cn//price/brand-192.html
蔚来,29,https://car.autohome.com.cn//price/brand-284.html
沃尔沃,491,https://car.autohome.com.cn//price/brand-70.html
五菱汽车,205,https://car.autohome.com.cn//price/brand-114.html
五十铃,225,https://car.autohome.com.cn//price/brand-167.html
西雅特,13,https://car.autohome.com.cn//price/brand-98.html
现代,741,https://car.autohome.com.cn//price/brand-12.html
小鹏汽车,12,https://car.autohome.com.cn//price/brand-275.html
新宝骏,38,https://car.autohome.com.cn//price/brand-396.html
新凯,8,https://car.autohome.com.cn//price/brand-185.html
新特汽车,4,https://car.autohome.com.cn//price/brand-324.html
星途,13,https://car.autohome.com.cn//price/brand-350.html
雪佛兰,490,https://car.autohome.com.cn//price/brand-71.html
雪铁龙,492,https://car.autohome.com.cn//price/brand-72.html
野马汽车,87,https://car.autohome.com.cn//price/brand-111.html
一汽,362,https://car.autohome.com.cn//price/brand-110.html
一汽凌河,12,https://car.autohome.com.cn//price/brand-399.html
依维柯,259,https://car.autohome.com.cn//price/brand-144.html
银隆新能源,2,https://car.autohome.com.cn//price/brand-375.html
英菲尼迪,190,https://car.autohome.com.cn//price/brand-73.html
永源,82,https://car.autohome.com.cn//price/brand-93.html
宇通客车,11,https://car.autohome.com.cn//price/brand-298.html
驭胜,87,https://car.autohome.com.cn//price/brand-263.html
御捷,1,https://car.autohome.com.cn//price/brand-232.html
裕路,2,https://car.autohome.com.cn//price/brand-307.html
远程汽车,4,https://car.autohome.com.cn//price/brand-382.html
云度,22,https://car.autohome.com.cn//price/brand-286.html
云雀汽车,4,https://car.autohome.com.cn//price/brand-317.html
之诺,1,https://car.autohome.com.cn//price/brand-182.html
知豆,14,https://car.autohome.com.cn//price/brand-206.html
中华,303,https://car.autohome.com.cn//price/brand-22.html
中兴,226,https://car.autohome.com.cn//price/brand-74.html
众泰,437,https://car.autohome.com.cn//price/brand-94.html
